{
    "name": "root",
    "gauges": {
        "shootingAgent.Policy.Entropy.mean": {
            "value": 1.7104308605194092,
            "min": 1.7104308605194092,
            "max": 1.7104308605194092,
            "count": 1
        },
        "shootingAgent.Policy.Entropy.sum": {
            "value": 11973.015625,
            "min": 11973.015625,
            "max": 11973.015625,
            "count": 1
        },
        "shootingAgent.Step.mean": {
            "value": 119315.0,
            "min": 119315.0,
            "max": 119315.0,
            "count": 1
        },
        "shootingAgent.Step.sum": {
            "value": 119315.0,
            "min": 119315.0,
            "max": 119315.0,
            "count": 1
        },
        "shootingAgent.Policy.ExtrinsicValueEstimate.mean": {
            "value": -8.553605079650879,
            "min": -8.553605079650879,
            "max": -8.553605079650879,
            "count": 1
        },
        "shootingAgent.Policy.ExtrinsicValueEstimate.sum": {
            "value": -85.53604888916016,
            "min": -85.53604888916016,
            "max": -85.53604888916016,
            "count": 1
        },
        "shootingAgent.Environment.EpisodeLength.mean": {
            "value": 1199.0,
            "min": 1199.0,
            "max": 1199.0,
            "count": 1
        },
        "shootingAgent.Environment.EpisodeLength.sum": {
            "value": 5995.0,
            "min": 5995.0,
            "max": 5995.0,
            "count": 1
        },
        "shootingAgent.Environment.CumulativeReward.mean": {
            "value": -449.6600673675537,
            "min": -449.6600673675537,
            "max": -449.6600673675537,
            "count": 1
        },
        "shootingAgent.Environment.CumulativeReward.sum": {
            "value": -2248.3003368377686,
            "min": -2248.3003368377686,
            "max": -2248.3003368377686,
            "count": 1
        },
        "shootingAgent.Policy.ExtrinsicReward.mean": {
            "value": -449.6600673675537,
            "min": -449.6600673675537,
            "max": -449.6600673675537,
            "count": 1
        },
        "shootingAgent.Policy.ExtrinsicReward.sum": {
            "value": -2248.3003368377686,
            "min": -2248.3003368377686,
            "max": -2248.3003368377686,
            "count": 1
        },
        "shootingAgent.IsTraining.mean": {
            "value": 1.0,
            "min": 1.0,
            "max": 1.0,
            "count": 1
        },
        "shootingAgent.IsTraining.sum": {
            "value": 1.0,
            "min": 1.0,
            "max": 1.0,
            "count": 1
        }
    },
    "metadata": {
        "timer_format_version": "0.1.0",
        "start_time_seconds": "1741478744",
        "python_version": "3.10.12 | packaged by Anaconda, Inc. | (main, Jul  5 2023, 19:01:18) [MSC v.1916 64 bit (AMD64)]",
        "command_line_arguments": "C:\\Users\\xuxu3\\miniconda3\\envs\\mlagent\\Scripts\\mlagents-learn .\\config\\_config.yaml --run-id=20250308 --resume",
        "mlagents_version": "1.1.0",
        "mlagents_envs_version": "1.1.0",
        "communication_protocol_version": "1.5.0",
        "pytorch_version": "2.2.2+cu121",
        "numpy_version": "1.23.5",
        "end_time_seconds": "1741478849"
    },
    "total": 105.222432199982,
    "count": 1,
    "self": 0.009825299959629774,
    "children": {
        "run_training.setup": {
            "total": 0.07562160002999008,
            "count": 1,
            "self": 0.07562160002999008
        },
        "TrainerController.start_learning": {
            "total": 105.13698529999238,
            "count": 1,
            "self": 0.15552480472251773,
            "children": {
                "TrainerController._reset_env": {
                    "total": 16.24834859999828,
                    "count": 1,
                    "self": 16.24834859999828
                },
                "TrainerController.advance": {
                    "total": 88.59301969537046,
                    "count": 10600,
                    "self": 0.139471001108177,
                    "children": {
                        "env_step": {
                            "total": 86.8838470914634,
                            "count": 10600,
                            "self": 49.828299389686435,
                            "children": {
                                "SubprocessEnvManager._take_step": {
                                    "total": 36.95582119689789,
                                    "count": 10600,
                                    "self": 0.410947491065599,
                                    "children": {
                                        "TorchPolicy.evaluate": {
                                            "total": 36.54487370583229,
                                            "count": 10600,
                                            "self": 36.54487370583229
                                        }
                                    }
                                },
                                "workers": {
                                    "total": 0.09972650487907231,
                                    "count": 10600,
                                    "self": 0.0,
                                    "children": {
                                        "worker_root": {
                                            "total": 88.8839642960811,
                                            "count": 10600,
                                            "is_parallel": true,
                                            "self": 46.15376119222492,
                                            "children": {
                                                "steps_from_proto": {
                                                    "total": 0.0021564000053331256,
                                                    "count": 1,
                                                    "is_parallel": true,
                                                    "self": 0.0008499999530613422,
                                                    "children": {
                                                        "_process_rank_one_or_two_observation": {
                                                            "total": 0.0013064000522717834,
                                                            "count": 2,
                                                            "is_parallel": true,
                                                            "self": 0.0013064000522717834
                                                        }
                                                    }
                                                },
                                                "UnityEnvironment.step": {
                                                    "total": 42.72804670385085,
                                                    "count": 10600,
                                                    "is_parallel": true,
                                                    "self": 0.5497340991860256,
                                                    "children": {
                                                        "UnityEnvironment._generate_step_input": {
                                                            "total": 0.4591456048656255,
                                                            "count": 10600,
                                                            "is_parallel": true,
                                                            "self": 0.4591456048656255
                                                        },
                                                        "communicator.exchange": {
                                                            "total": 40.03286110039335,
                                                            "count": 10600,