{
    "name": "root",
    "gauges": {
        "shootingAgent.Policy.Entropy.mean": {
            "value": 2.1115212440490723,
            "min": 2.1115212440490723,
            "max": 2.1115212440490723,
            "count": 1
        },
        "shootingAgent.Policy.Entropy.sum": {
            "value": 43125.7109375,
            "min": 43125.7109375,
            "max": 43125.7109375,
            "count": 1
        },
        "shootingAgent.Environment.EpisodeLength.mean": {
            "value": 743.3333333333334,
            "min": 743.3333333333334,
            "max": 743.3333333333334,
            "count": 1
        },
        "shootingAgent.Environment.EpisodeLength.sum": {
            "value": 20070.0,
            "min": 20070.0,
            "max": 20070.0,
            "count": 1
        },
        "shootingAgent.Step.mean": {
            "value": 29727.0,
            "min": 29727.0,
            "max": 29727.0,
            "count": 1
        },
        "shootingAgent.Step.sum": {
            "value": 29727.0,
            "min": 29727.0,
            "max": 29727.0,
            "count": 1
        },
        "shootingAgent.Policy.ExtrinsicValueEstimate.mean": {
            "value": -0.6982943415641785,
            "min": -0.6982943415641785,
            "max": -0.6982943415641785,
            "count": 1
        },
        "shootingAgent.Policy.ExtrinsicValueEstimate.sum": {
            "value": -25.836891174316406,
            "min": -25.836891174316406,
            "max": -25.836891174316406,
            "count": 1
        },
        "shootingAgent.Environment.CumulativeReward.mean": {
            "value": -192.49175295462976,
            "min": -192.49175295462976,
            "max": -192.49175295462976,
            "count": 1
        },
        "shootingAgent.Environment.CumulativeReward.sum": {
            "value": -5004.7855768203735,
            "min": -5004.7855768203735,
            "max": -5004.7855768203735,
            "count": 1
        },
        "shootingAgent.Policy.ExtrinsicReward.mean": {
            "value": -192.49175295462976,
            "min": -192.49175295462976,
            "max": -192.49175295462976,
            "count": 1
        },
        "shootingAgent.Policy.ExtrinsicReward.sum": {
            "value": -5004.7855768203735,
            "min": -5004.7855768203735,
            "max": -5004.7855768203735,
            "count": 1
        },
        "shootingAgent.IsTraining.mean": {
            "value": 1.0,
            "min": 1.0,
            "max": 1.0,
            "count": 1
        },
        "shootingAgent.IsTraining.sum": {
            "value": 1.0,
            "min": 1.0,
            "max": 1.0,
            "count": 1
        }
    },
    "metadata": {
        "timer_format_version": "0.1.0",
        "start_time_seconds": "1741302442",
        "python_version": "3.10.12 | packaged by Anaconda, Inc. | (main, Jul  5 2023, 19:01:18) [MSC v.1916 64 bit (AMD64)]",
        "command_line_arguments": "C:\\Users\\xuxu3\\miniconda3\\envs\\mlagent\\Scripts\\mlagents-learn .\\config\\config.yaml --run-id=run2 --resume",
        "mlagents_version": "1.1.0",
        "mlagents_envs_version": "1.1.0",
        "communication_protocol_version": "1.5.0",
        "pytorch_version": "2.2.2+cu121",
        "numpy_version": "1.23.5",
        "end_time_seconds": "1741302851"
    },
    "total": 408.6449255000334,
    "count": 1,
    "self": 0.006032200064510107,
    "children": {
        "run_training.setup": {
            "total": 0.07769339997321367,
            "count": 1,
            "self": 0.07769339997321367
        },
        "TrainerController.start_learning": {
            "total": 408.5611998999957,
            "count": 1,
            "self": 0.5162945052143186,
            "children": {
                "TrainerController._reset_env": {
                    "total": 17.22378550004214,
                    "count": 1,
                    "self": 17.22378550004214
                },
                "TrainerController.advance": {
                    "total": 390.61180199473165,
                    "count": 32839,
                    "self": 0.4631107820896432,
                    "children": {
                        "env_step": {
                            "total": 384.8033428086201,
                            "count": 32839,
                            "self": 260.2453080250416,
                            "children": {
                                "SubprocessEnvManager._take_step": {
                                    "total": 124.21579248050693,
                                    "count": 32840,
                                    "self": 1.4133451911620796,
                                    "children": {
                                        "TorchPolicy.evaluate": {
                                            "total": 122.80244728934485,
                                            "count": 32795,
                                            "self": 122.80244728934485
                                        }
                                    }
                                },
                                "workers": {
                                    "total": 0.3422423030715436,
                                    "count": 32838,
                                    "self": 0.0,
                                    "children": {
                                        "worker_root": {
                                            "total": 313.70156950561795,
                                            "count": 32838,
                                            "is_parallel": true,
                                            "self": 155.5406636080006,
                                            "children": {
                                                "steps_from_proto": {
                                                    "total": 0.0006138000171631575,
                                                    "count": 2,
                                                    "is_parallel": true,
                                                    "self": 0.000323900138027966,
                                                    "children": {
                                                        "_process_rank_one_or_two_observation": {
                                                            "total": 0.00028989987913519144,
                                                            "count": 4,
                                                            "is_parallel": true,
                                                            "self": 0.00028989987913519144
                                                        }
                                                    }
                                                },
                                                "UnityEnvironment.step": {
                                                    "total": 158.16029209760018,
                                                    "count": 32838,
                                                    "is_parallel": true,
                                                    "self": 1.85193420748692,
                                                    "children": {
                                                        "UnityEnvironment._generate_step_input": {
                                                            "total": 1.6083446023985744,
                                                            "count": 32838,
                                                            "is_parallel": true,
                                                            "self": 1.6083446023985744
                                                        },
                                                        "communicator.exchange": {
                                                            "total": 149.01086889975704,
                                                            "count": 32838,