{
    "name": "root",
    "gauges": {
        "shootingAgent.Policy.Entropy.mean": {
            "value": 2.1114232540130615,
            "min": 2.1114232540130615,
            "max": 2.1114232540130615,
            "count": 1
        },
        "shootingAgent.Policy.Entropy.sum": {
            "value": 63393.375,
            "min": 63393.375,
            "max": 63393.375,
            "count": 1
        },
        "shootingAgent.Step.mean": {
            "value": 29557.0,
            "min": 29557.0,
            "max": 29557.0,
            "count": 1
        },
        "shootingAgent.Step.sum": {
            "value": 29557.0,
            "min": 29557.0,
            "max": 29557.0,
            "count": 1
        },
        "shootingAgent.Policy.ExtrinsicValueEstimate.mean": {
            "value": -1.022491455078125,
            "min": -1.022491455078125,
            "max": -1.022491455078125,
            "count": 1
        },
        "shootingAgent.Policy.ExtrinsicValueEstimate.sum": {
            "value": -55.21453857421875,
            "min": -55.21453857421875,
            "max": -55.21453857421875,
            "count": 1
        },
        "shootingAgent.Environment.EpisodeLength.mean": {
            "value": 833.0,
            "min": 833.0,
            "max": 833.0,
            "count": 1
        },
        "shootingAgent.Environment.EpisodeLength.sum": {
            "value": 29988.0,
            "min": 29988.0,
            "max": 29988.0,
            "count": 1
        },
        "shootingAgent.Environment.CumulativeReward.mean": {
            "value": -182.24764148167202,
            "min": -182.24764148167202,
            "max": -182.24764148167202,
            "count": 1
        },
        "shootingAgent.Environment.CumulativeReward.sum": {
            "value": -6378.6674518585205,
            "min": -6378.6674518585205,
            "max": -6378.6674518585205,
            "count": 1
        },
        "shootingAgent.Policy.ExtrinsicReward.mean": {
            "value": -182.24764148167202,
            "min": -182.24764148167202,
            "max": -182.24764148167202,
            "count": 1
        },
        "shootingAgent.Policy.ExtrinsicReward.sum": {
            "value": -6378.6674518585205,
            "min": -6378.6674518585205,
            "max": -6378.6674518585205,
            "count": 1
        },
        "shootingAgent.Losses.PolicyLoss.mean": {
            "value": 0.013848140368160481,
            "min": 0.013848140368160481,
            "max": 0.013848140368160481,
            "count": 1
        },
        "shootingAgent.Losses.PolicyLoss.sum": {
            "value": 0.013848140368160481,
            "min": 0.013848140368160481,
            "max": 0.013848140368160481,
            "count": 1
        },
        "shootingAgent.Losses.ValueLoss.mean": {
            "value": 68.86520169576009,
            "min": 68.86520169576009,
            "max": 68.86520169576009,
            "count": 1
        },
        "shootingAgent.Losses.ValueLoss.sum": {
            "value": 68.86520169576009,
            "min": 68.86520169576009,
            "max": 68.86520169576009,
            "count": 1
        },
        "shootingAgent.Policy.LearningRate.mean": {
            "value": 0.00029978616007128004,
            "min": 0.00029978616007128004,
            "max": 0.00029978616007128004,
            "count": 1
        },
        "shootingAgent.Policy.LearningRate.sum": {
            "value": 0.00029978616007128004,
            "min": 0.00029978616007128004,
            "max": 0.00029978616007128004,
            "count": 1
        },
        "shootingAgent.Policy.Epsilon.mean": {
            "value": 0.19992872,
            "min": 0.19992872,
            "max": 0.19992872,
            "count": 1
        },
        "shootingAgent.Policy.Epsilon.sum": {
            "value": 0.19992872,
            "min": 0.19992872,
            "max": 0.19992872,
            "count": 1
        },
        "shootingAgent.Policy.Beta.mean": {
            "value": 0.004996443127999999,
            "min": 0.004996443127999999,
            "max": 0.004996443127999999,
            "count": 1
        },
        "shootingAgent.Policy.Beta.sum": {
            "value": 0.004996443127999999,
            "min": 0.004996443127999999,
            "max": 0.004996443127999999,
            "count": 1
        },
        "shootingAgent.IsTraining.mean": {
            "value": 1.0,
            "min": 1.0,
            "max": 1.0,
            "count": 1
        },
        "shootingAgent.IsTraining.sum": {
            "value": 1.0,
            "min": 1.0,
            "max": 1.0,
            "count": 1
        }
    },
    "metadata": {
        "timer_format_version": "0.1.0",
        "start_time_seconds": "1741303298",
        "python_version": "3.10.12 | packaged by Anaconda, Inc. | (main, Jul  5 2023, 19:01:18) [MSC v.1916 64 bit (AMD64)]",
        "command_line_arguments": "C:\\Users\\xuxu3\\miniconda3\\envs\\mlagent\\Scripts\\mlagents-learn .\\config\\config.yaml --run-id=run20250307",
        "mlagents_version": "1.1.0",
        "mlagents_envs_version": "1.1.0",
        "communication_protocol_version": "1.5.0",
        "pytorch_version": "2.2.2+cu121",
        "numpy_version": "1.23.5",
        "end_time_seconds": "1741303988"
    },
    "total": 689.5516618000111,
    "count": 1,
    "self": 0.006005299976095557,
    "children": {
        "run_training.setup": {
            "total": 0.08748900005593896,
            "count": 1,
            "self": 0.08748900005593896
        },
        "TrainerController.start_learning": {
            "total": 689.458167499979,
            "count": 1,
            "self": 0.9039942969102412,
            "children": {
                "TrainerController._reset_env": {
                    "total": 10.185131300007924,
                    "count": 1,
                    "self": 10.185131300007924
                },
                "TrainerController.advance": {
                    "total": 678.0888518030988,
                    "count": 55743,
                    "self": 0.808217408368364,
                    "children": {
                        "env_step": {
                            "total": 667.7320554055041,
                            "count": 55743,
                            "self": 464.2379151948262,
                            "children": {
                                "SubprocessEnvManager._take_step": {
                                    "total": 202.89662621030584,
                                    "count": 55743,
                                    "self": 2.386680605588481,
                                    "children": {
                                        "TorchPolicy.evaluate": {
                                            "total": 200.50994560471736,
                                            "count": 55671,
                                            "self": 200.50994560471736
                                        }
                                    }
                                },
                                "workers": {
                                    "total": 0.5975140003720298,
                                    "count": 55742,
                                    "self": 0.0,
                                    "children": {
                                        "worker_root": {
                                            "total": 616.34155809402,
                                            "count": 55742,
                                            "is_parallel": true,
                                            "self": 255.62726948724594,
                                            "children": {
                                                "steps_from_proto": {
                                                    "total": 0.0003331999760121107,
                                                    "count": 1,
                                                    "is_parallel": true,