{
    "name": "root",
    "gauges": {
        "shootingAgent.Policy.Entropy.mean": {
            "value": 1.4000483751296997,
            "min": 1.399470329284668,
            "max": 1.5372337102890015,
            "count": 50
        },
        "shootingAgent.Policy.Entropy.sum": {
            "value": 15002.91796875,
            "min": 8735.830078125,
            "max": 21819.38671875,
            "count": 50
        },
        "shootingAgent.Environment.EpisodeLength.mean": {
            "value": 1228.7,
            "min": 562.6666666666666,
            "max": 1451.5714285714287,
            "count": 50
        },
        "shootingAgent.Environment.EpisodeLength.sum": {
            "value": 12287.0,
            "min": 3516.0,
            "max": 16725.0,
            "count": 50
        },
        "shootingAgent.Step.mean": {
            "value": 499906.0,
            "min": 9073.0,
            "max": 499906.0,
            "count": 50
        },
        "shootingAgent.Step.sum": {
            "value": 499906.0,
            "min": 9073.0,
            "max": 499906.0,
            "count": 50
        },
        "shootingAgent.Policy.ExtrinsicValueEstimate.mean": {
            "value": -2.613452434539795,
            "min": -13.864791870117188,
            "max": -0.6626151204109192,
            "count": 50
        },
        "shootingAgent.Policy.ExtrinsicValueEstimate.sum": {
            "value": -36.58833312988281,
            "min": -180.24229431152344,
            "max": -7.951381206512451,
            "count": 50
        },
        "shootingAgent.Environment.CumulativeReward.mean": {
            "value": -16.340697659386528,
            "min": -66.59786279996236,
            "max": -4.9187211990356445,
            "count": 50
        },
        "shootingAgent.Environment.CumulativeReward.sum": {
            "value": -147.06627893447876,
            "min": -799.1743535995483,
            "max": -19.674884796142578,
            "count": 50
        },
        "shootingAgent.Policy.ExtrinsicReward.mean": {
            "value": -16.340697659386528,
            "min": -66.59786279996236,
            "max": -4.9187211990356445,
            "count": 50
        },
        "shootingAgent.Policy.ExtrinsicReward.sum": {
            "value": -147.06627893447876,
            "min": -799.1743535995483,
            "max": -19.674884796142578,
            "count": 50
        },
        "shootingAgent.IsTraining.mean": {
            "value": 1.0,
            "min": 1.0,
            "max": 1.0,
            "count": 50
        },
        "shootingAgent.IsTraining.sum": {
            "value": 1.0,
            "min": 1.0,
            "max": 1.0,
            "count": 50
        },
        "shootingAgent.Losses.PolicyLoss.mean": {
            "value": 0.026227694295812398,
            "min": 0.016420853649227258,
            "max": 0.03248264257175227,
            "count": 47
        },
        "shootingAgent.Losses.PolicyLoss.sum": {
            "value": 0.026227694295812398,
            "min": 0.016420853649227258,
            "max": 0.03248264257175227,
            "count": 47
        },
        "shootingAgent.Losses.ValueLoss.mean": {
            "value": 6.1171657085418705,
            "min": 2.5872376044591268,
            "max": 74.96453564961752,
            "count": 47
        },
        "shootingAgent.Losses.ValueLoss.sum": {
            "value": 6.1171657085418705,
            "min": 2.5872376044591268,
            "max": 74.96453564961752,
            "count": 47
        },
        "shootingAgent.Policy.LearningRate.mean": {
            "value": 4.1649986119998356e-07,
            "min": 4.1649986119998356e-07,
            "max": 0.0002936940021019999,
            "count": 47
        },
        "shootingAgent.Policy.LearningRate.sum": {
            "value": 4.1649986119998356e-07,
            "min": 4.1649986119998356e-07,
            "max": 0.0002936940021019999,
            "count": 47
        },
        "shootingAgent.Policy.Epsilon.mean": {
            "value": 0.10013879999999999,
            "min": 0.10013879999999999,
            "max": 0.19789800000000007,
            "count": 47
        },
        "shootingAgent.Policy.Epsilon.sum": {
            "value": 0.10013879999999999,
            "min": 0.10013879999999999,
            "max": 0.19789800000000007,
            "count": 47
        },
        "shootingAgent.Policy.Beta.mean": {
            "value": 1.068011999999997e-05,
            "min": 1.068011999999997e-05,
            "max": 0.0004897002,
            "count": 47
        },
        "shootingAgent.Policy.Beta.sum": {
            "value": 1.068011999999997e-05,
            "min": 1.068011999999997e-05,
            "max": 0.0004897002,
            "count": 47
        }
    },
    "metadata": {
        "timer_format_version": "0.1.0",
        "start_time_seconds": "1741657422",
        "python_version": "3.10.12 | packaged by Anaconda, Inc. | (main, Jul  5 2023, 19:01:18) [MSC v.1916 64 bit (AMD64)]",
        "command_line_arguments": "C:\\Users\\xuxu3\\miniconda3\\envs\\mlagent\\Scripts\\mlagents-learn .\\config\\_config.yaml --run-id=run20250311 --force",
        "mlagents_version": "1.1.0",
        "mlagents_envs_version": "1.1.0",
        "communication_protocol_version": "1.5.0",
        "pytorch_version": "2.2.2+cu121",
        "numpy_version": "1.23.5",
        "end_time_seconds": "1741658194"
    },
    "total": 771.332786599989,
    "count": 1,
    "self": 0.015305399982025847,
    "children": {
        "run_training.setup": {
            "total": 0.07618090001051314,
            "count": 1,
            "self": 0.07618090001051314
        },
        "TrainerController.start_learning": {
            "total": 771.2413002999965,
            "count": 1,
            "self": 0.7027664994238876,
            "children": {
                "TrainerController._reset_env": {
                    "total": 28.500714399997378,
                    "count": 1,
                    "self": 28.500714399997378
                },
                "TrainerController.advance": {
                    "total": 741.980255500559,
                    "count": 42507,
                    "self": 0.6492453011160251,
                    "children": {
                        "env_step": {
                            "total": 650.0781968971423,
                            "count": 42507,
                            "self": 512.3478452008567,
                            "children": {
                                "SubprocessEnvManager._take_step": {
                                    "total": 137.28540029781288,
                                    "count": 42507,
                                    "self": 2.138777698855847,
                                    "children": {
                                        "TorchPolicy.evaluate": {
                                            "total": 135.14662259895704,
                                            "count": 42105,
                                            "self": 135.14662259895704
                                        }
                                    }
                                },
                                "workers": {
                                    "total": 0.4449513984727673,
                                    "count": 42507,
                                    "self": 0.0,
                                    "children": {
                                        "worker_root": {
                                            "total": 742.8497924958356,
                                            "count": 42507,
                                            "is_parallel": true,
                                            "self": 272.07253399616457,
                                            "children": {
                                                "steps_from_proto": {
                                                    "total": 0.002201800001785159,